date,type,category,description,amount,gross,tax,benefits,retirement
2026-07-01,expense,housing,Monthly rent,1650.00,,,,
2026-07-02,expense,utilities,Electric and water,118.40,,,,
2026-07-03,income,salary,Paycheck - Acme Data Co.,2188.00,3200.00,640.00,180.00,192.00
2026-07-04,expense,groceries,Weekly groceries,96.25,,,,
2026-07-06,expense,transport,Gas station,44.10,,,,
2026-07-08,expense,subscriptions,Music streaming,10.99,,,,
2026-07-10,expense,dining,Lunch with friends,32.50,,,,
2026-07-11,expense,groceries,Weekly groceries,88.70,,,,
2026-07-12,income,freelance,Logo design gig,350.00,,,,
2026-07-14,expense,shopping,Running shoes,74.99,,,,
2026-07-15,expense,health,Pharmacy,18.35,,,,
2026-07-17,income,salary,Paycheck - Acme Data Co.,2188.00,3200.00,640.00,180.00,192.00
2026-07-18,expense,groceries,Weekly groceries,102.15,,,,
2026-07-19,expense,entertainment,Movie tickets,28.00,,,,
2026-07-20,expense,transport,Gas station,46.80,,,,
2026-07-22,expense,utilities,Internet,60.00,,,,
2026-07-24,expense,dining,Pizza night,27.40,,,,
2026-07-25,expense,groceries,Weekly groceries,91.30,,,,
2026-07-28,expense,shopping,Desk lamp,39.99,,,,
2026-07-30,expense,education,Online course,49.00,,,,
2026-07-31,income,interest,Savings account interest,6.12,,,,
2026-08-01,expense,housing,Monthly rent,1650.00,,,,
2026-08-02,expense,utilities,Electric and water,124.10,,,,
2026-08-04,expense,groceries,Weekly groceries,94.60,,,,
2026-08-05,expense,transport,Gas station,43.25,,,,
2026-08-08,expense,subscriptions,Music streaming,10.99,,,,
2026-08-09,expense,travel,Round-trip flights,1450.00,,,,
2026-08-10,expense,travel,Hotel (5 nights),980.00,,,,
2026-08-12,expense,dining,Dinner on vacation,64.80,,,,
2026-08-14,income,salary,Paycheck - Acme Data Co.,2188.00,3200.00,640.00,180.00,192.00
2026-08-15,expense,groceries,Weekly groceries,87.45,,,,
2026-08-18,expense,shopping,Phone case,24.99,,,,
2026-08-20,expense,transport,Gas station,47.30,,,,
2026-08-21,expense,utilities,Internet,60.00,,,,
2026-08-22,expense,groceries,Weekly groceries,99.10,,,,
2026-08-24,expense,entertainment,Concert ticket,70.00,,,,
2026-08-26,expense,health,Dentist copay,40.00,,,,
2026-08-28,income,salary,Paycheck - Acme Data Co.,2188.00,3200.00,640.00,180.00,192.00
2026-08-29,expense,groceries,Weekly groceries,90.05,,,,
2026-08-31,income,interest,Savings account interest,6.40,,,,
2026-09-01,expense,housing,Monthly rent,1650.00,,,,
2026-09-02,expense,utilities,Electric and water,121.75,,,,
2026-09-03,expense,groceries,Weekly groceries,98.40,,,,
2026-09-05,expense,transport,Gas station,45.60,,,,
2026-09-07,expense,dining,Brunch,38.20,,,,
2026-09-08,expense,subscriptions,Music streaming,10.99,,,,
2026-09-10,expense,groceries,Weekly groceries,92.15,,,,
2026-09-11,income,salary,Paycheck - Acme Data Co.,2188.00,3200.00,640.00,180.00,192.00
2026-09-12,expense,shopping,New laptop,1299.00,,,,
2026-09-14,income,freelance,Website for a local bakery,600.00,,,,
2026-09-16,expense,health,Pharmacy,22.80,,,,
2026-09-17,expense,groceries,Weekly groceries,89.90,,,,
2026-09-19,expense,entertainment,Board game cafe,24.00,,,,
2026-09-21,expense,transport,Gas station,44.95,,,,
2026-09-22,expense,utilities,Internet,60.00,,,,
2026-09-24,expense,groceries,Weekly groceries,101.35,,,,
2026-09-25,income,salary,Paycheck - Acme Data Co. (raise),2188.00,3250.00,650.00,180.00,195.00
2026-09-27,expense,dining,Dinner out,56.30,,,,
2026-09-29,expense,education,Textbook,84.50,,,,
2026-09-30,income,interest,Savings account interest,6.55,,,,
